{"cameraMode":{"drawMode":0,"name":"Shaded","section":"Shading Mode"},"sceneLighting":false,"audioPlay":false,"sceneViewState":{"showFog":true,"showMaterialUpdate":false,"showSkybox":false,"showFlares":true,"showImageEffects":true,"showParticleSystems":true},"in2DMode":false,"pivot":{"x":-1.87534499168396,"y":0.7895612120628357,"z":-0.12363667786121369},"rotation":{"x":0.12870828807353974,"y":-0.609289288520813,"z":0.10109356790781021,"w":0.7759114503860474},"size":7.1166911125183109,"orthographic":false}