{"cameraMode":{"drawMode":0,"name":"Shaded","section":"Shading Mode"},"sceneLighting":false,"audioPlay":false,"sceneViewState":{"showFog":true,"showMaterialUpdate":false,"showSkybox":false,"showFlares":true,"showImageEffects":true,"showParticleSystems":true},"in2DMode":false,"pivot":{"x":0.15245696902275086,"y":0.023877138271927835,"z":0.024441394954919816},"rotation":{"x":0.24742652475833894,"y":0.38261449337005618,"z":-0.10713239014148712,"w":0.8837026953697205},"size":2.3363091945648195,"orthographic":false}