{"cameraMode":{"drawMode":0,"name":"Shaded","section":"Shading Mode"},"sceneLighting":false,"audioPlay":false,"sceneViewState":{"showFog":true,"showMaterialUpdate":false,"showSkybox":false,"showFlares":true,"showImageEffects":true,"showParticleSystems":true},"in2DMode":false,"pivot":{"x":-0.16929757595062257,"y":-0.003942021168768406,"z":-0.6927878260612488},"rotation":{"x":0.17910073697566987,"y":-0.796990156173706,"z":0.2845599949359894,"w":0.5018351674079895},"size":4.6650004386901859,"orthographic":false}