{"cameraMode":{"drawMode":2,"name":"Shaded Wireframe","section":"Shading Mode"},"sceneLighting":false,"audioPlay":false,"sceneViewState":{"showFog":true,"showMaterialUpdate":false,"showSkybox":false,"showFlares":true,"showImageEffects":true,"showParticleSystems":true},"in2DMode":false,"pivot":{"x":0.2834649384021759,"y":0.15211808681488038,"z":0.07339835166931153},"rotation":{"x":-0.3438219726085663,"y":-0.1594807505607605,"z":0.059381723403930667,"w":-0.9235098361968994},"size":2.4052677154541017,"orthographic":false}