{"cameraMode":{"drawMode":0,"name":"Shaded","section":"Shading Mode"},"sceneLighting":false,"audioPlay":false,"sceneViewState":{"showFog":true,"showMaterialUpdate":false,"showSkybox":false,"showFlares":true,"showImageEffects":true,"showParticleSystems":true},"in2DMode":false,"pivot":{"x":1.0562667846679688,"y":1.0015454292297364,"z":2.004528284072876},"rotation":{"x":-0.16473501920700074,"y":0.5321319103240967,"z":-0.10642746835947037,"w":-0.8236625790596008},"size":9.36317253112793,"orthographic":false}