{"cameraMode":{"drawMode":0,"name":"Shaded","section":"Shading Mode"},"sceneLighting":false,"audioPlay":false,"sceneViewState":{"showFog":true,"showMaterialUpdate":false,"showSkybox":false,"showFlares":true,"showImageEffects":true,"showParticleSystems":true},"in2DMode":false,"pivot":{"x":-692.9928588867188,"y":-411.8442687988281,"z":285.4791259765625},"rotation":{"x":0.20714354515075684,"y":-0.5470297932624817,"z":0.14194902777671815,"w":0.7986649870872498},"size":3.465007781982422,"orthographic":false}