{"cameraMode":{"drawMode":0,"name":"Shaded","section":"Shading Mode"},"sceneLighting":false,"audioPlay":false,"sceneViewState":{"showFog":true,"showMaterialUpdate":false,"showSkybox":false,"showFlares":true,"showImageEffects":true,"showParticleSystems":true},"in2DMode":false,"pivot":{"x":-0.9142153263092041,"y":-0.09838186204433441,"z":-0.0031757354736328127},"rotation":{"x":-0.20088113844394685,"y":0.5427371859550476,"z":-0.13564808666706086,"w":-0.8042685389518738},"size":3.0186710357666017,"orthographic":false}