{"cameraMode":{"drawMode":0,"name":"Shaded","section":"Shading Mode"},"sceneLighting":true,"audioPlay":false,"sceneViewState":{"showFog":true,"showMaterialUpdate":false,"showSkybox":true,"showFlares":true,"showImageEffects":true,"showParticleSystems":true},"in2DMode":false,"pivot":{"x":-152.06056213378907,"y":-223.485595703125,"z":26.46830177307129},"rotation":{"x":-0.2134028673171997,"y":0.6920891404151917,"z":-0.2291157990694046,"w":-0.6510770320892334},"size":543.075439453125,"orthographic":false}