{"cameraMode":{"drawMode":0,"name":"Shaded","section":"Shading Mode"},"sceneLighting":false,"audioPlay":false,"sceneViewState":{"showFog":true,"showMaterialUpdate":false,"showSkybox":false,"showFlares":true,"showImageEffects":true,"showParticleSystems":true},"in2DMode":false,"pivot":{"x":3.1564688682556154,"y":0.844904899597168,"z":-2.4030251502990724},"rotation":{"x":-0.17120742797851563,"y":0.6314244270324707,"z":-0.14581209421157838,"w":-0.742199718952179},"size":1.317347526550293,"orthographic":false}