{"cameraMode":{"drawMode":0,"name":"Shaded","section":"Shading Mode"},"sceneLighting":true,"audioPlay":false,"sceneViewState":{"showFog":true,"showMaterialUpdate":false,"showSkybox":true,"showFlares":true,"showImageEffects":true,"showParticleSystems":true},"in2DMode":false,"pivot":{"x":-10.578938484191895,"y":-8.938611030578614,"z":34.15868377685547},"rotation":{"x":-0.11045457422733307,"y":0.1114472970366478,"z":-0.012110719457268715,"w":-0.9878807663917542},"size":50.51750946044922,"orthographic":false}