{"cameraMode":{"drawMode":0,"name":"Shaded","section":"Shading Mode"},"sceneLighting":false,"audioPlay":false,"sceneViewState":{"showFog":true,"showMaterialUpdate":false,"showSkybox":false,"showFlares":true,"showImageEffects":true,"showParticleSystems":true},"in2DMode":false,"pivot":{"x":75.22284698486328,"y":13.117257118225098,"z":35.70000076293945},"rotation":{"x":-0.1831124871969223,"y":0.23056624829769135,"z":-0.043677035719156268,"w":-0.9550541043281555},"size":21.168481826782228,"orthographic":false}